{"poses":{"pose":[{"reachPose":{"targetPose":{"x":0.699999988079071,"y":-0.20000000298023224,"z":0.25,"thetaX":60,"thetaY":1.7296788692474365,"thetaZ":90.19511413574219},"constraint":{"speed":{"translation":0.30000001192092896,"orientation":0}}},"applicationData":"{\"kinova\":{\"color\":0}}","handle":{"identifier":10003,"permission":7,"actionType":6},"name":"Cartesian Example"}]}}