{
  "poses": {
    "pose": [
      {
        "reachPose": {
          "targetPose": {
            "x": 0.5351865887641907,
            "y": 0.0074759963899850845,
            "z": 0.02609199844300747,
            "thetaX": 90.34918975830078,
            "thetaY": 2.0498082637786865,
            "thetaZ": 90.46907043457031
          },
          "constraint": {
            "speed": {
              "translation": 0,
              "orientation": 0
            }
          }
        },
        "applicationData": "{\"kinova\":{\"color\":0}}",
        "handle": {
          "identifier": 10033,
          "permission": 7,
          "actionType": 6
        },
        "name": "New Pose"
      }
    ]
  }
}