{
  "poses":{
    "pose":[
      {
        "reachPose":{
          "targetPose":{
            "x":0.45505109429359436,
            "y":0.00631638802587986,
            "z":0.25,
            "thetaX":90.36488342285156,
            "thetaY":2.050901174545288,
            "thetaZ":90.47518157958984},
          "constraint":{
            "speed":{
              "translation":0,
              "orientation":0
            }
          }
        },
        "applicationData":"{\"kinova\":{\"color\":0}}",
        "handle":{
          "identifier":10000,
          "permission":7,
          "actionType":6
        },
        "name":"Home_new"
      }
    ]
  }
}