{
  "poses":{
    "pose":[
      {
        "reachPose":{
          "targetPose":{
            "x":0.3499999940395355,
            "y":0.46000000834465027,
            "z":0.05999999865889549,
            "thetaX":90.0114974975586,
            "thetaY":-0.004906623624265194,
            "thetaZ":160.0005645751953},
          "constraint":{
            "speed":{
              "translation":0,
              "orientation":0}
          }
        },
        "applicationData":"{\"kinova\":{\"color\":0}}",
        "handle":{
          "identifier":10006,
          "permission":7,
          "actionType":6},
        "name":"pot_2"
      }
    ]
  }
}