{
  "poses": {
    "pose": [
      {
        "reachPose": {
          "targetPose":{
            "x":0.42537200450897217,
            "y":0.28033646941185,
            "z":0.03398996964097023,
            "thetaX":93.77046203613281,
            "thetaY":2.248286485671997,
            "thetaZ":129.53530883789062
          },
          "constraint": {
            "speed": {
              "translation": 0,
              "orientation": 0
            }
          }
        },
        "applicationData": "{\"kinova\":{\"color\":0}}",
        "handle": {
          "identifier": 10003,
          "permission": 7,
          "actionType": 6
        },
        "name": "Potentiostat"
      }
    ]
  }
}