{
  "poses": {
    "pose": [
      {
        "reachPose": {
          "targetPose":{
            "x":0.4356880784034729,
            "y":0.28134849667549133,
            "z":0.062,
            "thetaX":87.32637786865234,
            "thetaY":1.6505801677703857,
            "thetaZ":126.6598129272461
          },
          "constraint": {
            "speed": {
              "translation": 0,
              "orientation": 0
            }
          }
        },
        "applicationData": "{\"kinova\":{\"color\":0}}",
        "handle": {
          "identifier": 10003,
          "permission": 7,
          "actionType": 6
        },
        "name": "Potentiostat"
      }
    ]
  }
}