{"poses":{"pose":[{"reachPose":{"targetPose":{"x":0.03773370012640953,"y":-0.5812381505966187,"z":0.0827876552939415,"thetaX":90.09750366210938,"thetaY":1.8513693809509277,"thetaZ":5.095186710357666},"constraint":{"speed":{"translation":0.30000001192092896,"orientation":0}}},"applicationData":"{\"kinova\":{\"color\":0}}","handle":{"identifier":10007,"permission":7,"actionType":6},"name":"Snapshot (2022-08-06 13:46:14)"}]}}